level4_object_classification;title;year;authors;first_author;source_title;document_type;language;doi;scopus_url;abstract;author_keywords;index_keywords;level_3_manual_decision;retained_after_level_3
other or general;A State-Synchronized Digital Twin-Driven Framework for Adaptive Optimization of Fourth-Party Logistics Networks in Off-Site Construction;2026;"Karimi B.; Omran M.M.; Sahebi H.";Karimi B.;Computers and Industrial Engineering;Article;English;10.1016/j.cie.2026.112116;https://www.scopus.com/pages/publications/105039831213?origin=resultslist;Off-site construction (OSC) can improve productivity and schedule reliability, yet its benefits depend on coordinated planning across procurement, production, logistics, and on-site installation in multi-project portfolios exposed to frequent disruptions. This paper proposes a state-synchronized digital twin-driven framework for adaptive optimization of a fourth-party logistics (4PL) network in OSC. The framework integrates a state-synchronized digital twin with a two-phase prescriptive-adaptive decision model embedded in a rolling horizon mechanism. In the prescriptive phase, an integrated mixed-integer linear program coordinates sourcing, buffering at pre-processing centers, production scheduling at structural manufacturing workshops, assignment of third-party logistics providers, transportation planning, and installation team allocation to minimize total expected cost under capacity and due-date penalty considerations. In the adaptive phase, event-triggered re-optimization reallocates mobile resources, specifically installation teams and 3PL capacity, to mitigate disruption impacts by minimizing the maximum portfolio tardiness while avoiding impractical inter-site transshipment of project-specific components. In the case study implementation, operational signals are collected continuously, state assimilation is performed at a weekly managerial cadence, and off-cycle adaptive re-optimization is activated only when calibrated disruption significance thresholds are exceeded. The framework is empirically validated through an industrial case study in Iran's steel-structure sector, where it significantly improves operational performance by reducing maximum project tardiness from 5.2 to 3.1 weeks and improving resource utilization. Computational results under baseline and compound disruption scenarios further demonstrate improved resilience and coordination, while sensitivity and stress tests quantify the effects of delay penalties, logistics capacity, travel-time uncertainty, disruption severity and duration, buffering adequacy, and trigger-threshold settings. © 2026 Elsevier Ltd;;;IN;Yes
other or general;Experiment-based calibration of a digital twin for composite panel testing using standard signals;2026;"Bogenfeld R.; Wille T.; Witzel O.; Eckstein B.; Göpel C.";Bogenfeld R.;Measurement: Journal of the International Measurement Confederation;Article;English;10.1016/j.measurement.2026.121329;https://www.scopus.com/pages/publications/105035116391?origin=resultslist;Accurate assessment of composite structures depends on how experimental measurements are used to calibrate and validate numerical models. While nominal finite element models generally assume idealized conditions, actual manufactured components and test setups introduce notable uncertainties and require a tailored numerical representation. This paper presents a measurement-centric calibration framework that transforms a nominal finite element model into a specimen-specific Digital Twin using only standard test signals. The scalable methodology leverages nonlinear least squares optimization which is first demonstrated and verified on an analytical beam example, allowing for detailed investigation of convergence behavior as well as the improvements by parameter transformation and by Jacobian recalculation. Emphasis is placed on the linearization of model parameters prior to optimization and the role of measurement availability. This process significantly enhances calibration stability and accuracy. The method is then applied to a physical compression test of a stiffened CFRP panel at a subcomponent scale. Numerical studies are conducted to evaluate the sensitivity of the calibration process to parameter selection and validation metrics. Finally, a calibrated Digital Twin is created using experimental strain data and validated through the DIC-measured deflection field, demonstrating the model's ability to more accurately replicate the mechanical response of an individual composite panel. © 2026 The Authors;;;IN;Yes
other or general;Experimental validation of the Ensemble Kalman Filter as a Laser Powder Bed Fusion digital twin;2026;"Wood N.; Schwalbach E.; Donegan S.; Gillman A.; Hoelzle D.J.";Wood N.;Additive Manufacturing;Article;English;10.1016/j.addma.2025.105054;https://www.scopus.com/pages/publications/105027735200?origin=resultslist;This paper reports on the application of the Ensemble Kalman Filter (EnKF) as an Instantiated Digital Twin to estimate the temperature field inside a part being manufactured by laser powder bed fusion (L-PBF) for the purposes of in-process quality control and validation. The EnKF assimilates a physics-based model with experimental data for a feedback correction that compensates for model uncertainty. The paper describes the EnKF architecture and model development and demonstrates the effectiveness of EnKF under three subsets of PBF process physics: low temperature lasing which only induces heat conduction, nominal temperature lasing that introduces meltpool convection and radiation, and the full L-PBF processes thus introducing all modes of heat transfer for L-PBF. In comparison to the physics-based model without EnKF feedback, the EnKF demonstrates a reduction in temperature estimation error at the top surface of at least 94% for all tests. At higher temperature processing, and thus increased EnKF model uncertainty, the EnKF exhibits spurious non-physical temperature estimates at isolated spatial locations, which must be filtered out and systematic methods to eliminate this issue are reserved for future work. © 2026 Elsevier B.V.;;;IN;Yes
production system object;Specifying Digital Twin Synchronization in Manufacturing Systems Using Stochastic and Timed Automata;2026;"Derigent W.; Marangé P.";Derigent W.;Studies in Computational Intelligence;Conference paper;English;10.1007/978-3-032-18786-4_19;https://www.scopus.com/pages/publications/105040361628?origin=resultslist;Digital Twins are now recognized as a promising technology to attain better reactivity, flexibility, even resilience of manufacturing systems. Due to its monitoring and forecasting capability, a Digital Twin could be a wonderful advantage offered to Industry5.0 systems. However, none of these envisioned capabilities is achievable without a proper way to ensure that the Digital Twin model is always a correct replica of the system of interest, i.e. that it keeps being synchronized with its physical twin. However, this synchronization process, which is essential and is the heart of the digital twin connection to the real world, has been barely studied in the manufacturing system’s literature. If general methods exist to implement synchronization, they always stay at a conceptual level and do not present a practical guide to implement it. This paper is thus written as a first step towards a formal methodology going gradually from the requirements of synchronization to the synchronization actions needed at the Digital Twin level. © The Author(s), under exclusive license to Springer Nature Switzerland AG 2026.;;;IN;Yes
other or general;Behavioral trust management in Digital Twin systems using safe state analysis and virtual validation;2026;"Azzedin F.; Alhazmi T.; Abawajy J.; Hammoudeh M.";Azzedin F.;Information and Software Technology;Article;English;10.1016/j.infsof.2026.108093;https://www.scopus.com/pages/publications/105034483384?origin=resultslist;Context:Digital Twins (DTs) emerged as critical enablers across diverse domains such as manufacturing, healthcare, and smart cities. Yet, a persistent challenge lies in establishing and maintaining trust between the DT and its corresponding Physical Twin (PT). The rapid adoption of DTs across critical domains emphasizes the need for robust trust management mechanisms to ensure safe and reliable cyber–physical interactions.Objective:While previous research largely focused on securing data integrity and communication, the internal dynamics of trust within DT systems remain underexplored. This article presents a framework for assessing the trustworthiness of DT systems by focusing on intra-twin behavioral trust.Methods:Unlike existing approaches that predominantly rely on simple DT structures and focus on inter- or extra-twin trust, our framework models DTs as composite systems composed of interconnected sub-DTs. Trust is computed dynamically using subjective logic, incorporating safety and reachability analysis, deviation quantification, and a decay-aware interaction model.Results:The framework is validated through a detailed incubator case study. The results demonstrate the framework’s capacity to detect and mitigate trust-related threats such as overcooling and overheating, adapt to evolving DT behavior, and outperform alternative trust update schemes in this specific operational context.Conclusion:These contributions advance the state-of-the-art in DT trust modeling and provide a practical foundation for deploying trustworthy DTs in safety-critical applications, subject to further validation in broader domains. © 2026 Elsevier B.V. All rights are reserved, including those for text and data mining, AI training, and similar technologies.;;;IN;Yes
production system object;Smart Manufacturing Innovation Through the Integration of Digital Twin and IoT Energy Management;2025;Kwon Y.;Kwon Y.;International Journal of Control, Automation and Systems;Article;English;10.1007/s12555-025-0046-1;https://www.scopus.com/pages/publications/105020969131?origin=resultslist;This study proposes a digital twin (DT)-based IoT energy management framework to improve efficiency and reliability in smart manufacturing environments. The framework builds a closed-loop architecture where IoT sensor data are continuously synchronized with a DT engine to enable real-time monitoring, optimization, and adaptive control. Validation was conducted in a simulation platform designed to reflect realistic manufacturing conditions, incorporating hardware parameters and communication constraints to ensure practical relevance. The results show significant improvements in energy consumption, latency, reliability, and battery lifetime compared with conventional transmission strategies. In addition, scalability tests with varying network sizes confirmed that the framework maintains stable and predictable performance as the number of devices increases. These findings demonstrate the potential of the proposed framework to support energy-aware and resilient smart manufacturing systems, bridging the gap between conceptual design and practical deployment. © ICROS, KIEE and Springer 2025.;;;IN;Yes
other or general;Automatic Calibration and Update of a Digital Twin for Plug & Produce;2025;"Bennulf M.; Ramasamy S.; Zhang X.; Danielsson F.; Swathanandan J.";Bennulf M.;Sensors;Article;English;10.3390/s25226885;https://www.scopus.com/pages/publications/105022898779?origin=resultslist;Highlights: What are the main findings? A digital twin, consisting of an automated path planner and a simulation model, is proposed for an industrial robot to automatically adapt to new locations of resources that have been moved. The system should update the digital twin with calibrated values of the resource locations due to the tight tolerances in the processes and physical limitations of placing resources out precisely. What are the implications of the main findings? Using the proposed system, the manufacturing can still function if resources are moved around frequently. The camera-based solution for automating the measurement of resource locations was implemented in a physical demonstrator. This article presents a system for automatically updating a digital twin model, used for automated path planning of an industrial robot. The digital twin needs to be accurately calibrated in relation to the resource locations due to the physical limitations of placing resources out precisely. The process considered is a surface roughness measurement of aerospace metal parts that requires high positional accuracy. The scenario takes place in a robot cell that is a Plug & Produce system, where resources can be added and removed in minutes, allowing fast reconfiguration of the production resources. This means that an automated path planner is required for the robot to adapt to new locations of these resources automatically. A digital twin is proposed, consisting of a robot path planner and a simulation model that is updated when resources are added to the system. The resources should automatically appear in the simulation and be placed at an accurate location. The purpose of automating these steps is to make the update of the digital twin faster during production and remove the requirement for expert knowledge. © 2025 by the authors.;;;IN;Yes
other or general;A multi-level multi-domain digital twin modeling method for industrial robots;2025;"Yang K.; Liu Y.; Tuo B.; Pan Y.; Wang X.; Zhang L.; Wang L.";Yang K.;Robotics and Computer-Integrated Manufacturing;Article;English;10.1016/j.rcim.2025.103023;https://www.scopus.com/pages/publications/105001471776?origin=resultslist;Industrial robots (IRs) serve as critical equipment in advanced manufacturing systems. Building high-fidelity digital twin models of IRs is essential for various applications like precision simulation, and intelligent operation and maintenance. Despite technological potentials of digital twins, existing modeling methods for industrial robot digital twins (IRDTs) predominantly focus on isolated domains. This fails to address inherent multi-domain complexities of IRs that arise from their integrated mechanical-electrical-control characteristic. To bridge this gap, first, this study proposes a multi-level multi-domain (MLMD) digital twin modeling framework and method. The framework systematically integrates physical space, digital space, and their bidirectional interactions, while explicitly defining hierarchical structures and cross-domain mechanisms. Subsequently, a four-step method is established, which encompasses component analysis, parameter extraction, MLMD IRDT modeling based on function blocks (FBs), and model validation. Then, implementation details are illustrated through an SD3/500 IR case study, where domain-specific modeling techniques and cross-domain integration mechanisms are systematically analyzed. Finally, effectiveness and feasibility of the proposed method is validated through experiments. © 2025 Elsevier Ltd;;;IN;Yes
other or general;A Credibility-Based Self-Evolution Algorithm for Equipment Digital Twins Based on Multi-Layer Deep Koopman Operator;2025;"Cheng H.; Zhang L.; Wang K.; Lu H.; Guo Y.";Cheng H.;Applied Sciences (Switzerland);Article;English;10.3390/app15169082;https://www.scopus.com/pages/publications/105014388235?origin=resultslist;In the context of Industry 4.0 and intelligent manufacturing, the scale and complexity of complex equipment systems are continuously increasing, making effective high-precision modeling, simulation, and prediction in the engineering field significant challenges. Digital twin technology, by establishing real-time connections between virtual models and physical systems, provides strong support for the real-time monitoring, optimization, and prediction of complex systems. However, traditional digital twin models face significant limitations when synchronizing with high-dimensional nonlinear and non-stationary dynamical systems due to the latter’s dynamic characteristics. To address this issue, we propose a multi-layer deep Koopman operator-based (MDK) credibility-based self-evolution algorithm for equipment digital twins. By constructing multiple time-scale embedding layers and combining deep neural networks for observability function learning, the algorithm effectively captures the dynamic features of complex nonlinear systems at different time scales, enabling their global dynamic modeling and precise analysis. Furthermore, to enhance the model’s adaptability, a trustworthiness-based evolution-triggering mechanism and an adaptive model fine-tuning algorithm are designed. When the digital twin model’s trustworthiness assessment indicates a decline in prediction accuracy, the evolution mechanism is automatically triggered to optimize and update the model with the fine-tuning algorithm to maintain its stability and robustness during dynamic evolution. The experimental results demonstrate that the proposed method achieves significant improvements in prediction accuracy within unmanned aerial vehicle (UAV) systems, showcasing its broad application potential in intelligent manufacturing and complex equipment systems. © 2025 by the authors.;;;IN;Yes
other or general;Digital twin technique for automatic damage detection of historical buildings with an adaptive model updating approach;2025;"Zhang C.; Chun Q.; Zhu Y.; Li P.; Lin Y.; Hua Q.";Zhang C.;Mechanical Systems and Signal Processing;Article;English;10.1016/j.ymssp.2025.112831;https://www.scopus.com/pages/publications/105004940345?origin=resultslist;This study aims to develop a method for parametrically generating, automatically updating, and digitally managing the Digital Twin (DT) model to facilitate automatic damage detection. Initially, a Component Information Database (CID) is constructed to produce the parameterized DT model. Secondly, an adaptive high-order tensor damage evolution update method is developed to update the CID. Following this, using a historical building as a case study, offline data collected at various times and online data from 20 months of structural health monitoring were integrated into a cloud system. The performance of the proposed update method is then compared to that of existing methods. Additionally, the updated results are validated against the measured data to ensure accuracy. Finally, the method is applied to update the damage in a seismic analysis case for the historical building. The errors in calculated strain, modal parameters, inclination angle, relative deformation, and identified damage are all nearly below 10 %. This indicates that the proposed DT technique has high accuracy, offering a novel approach for structural damage detection in historical buildings. © 2025 Elsevier Ltd;;;IN;Yes
production system object;Preserving Dependencies in Partitioned Digital Twin Models for Enabling Modular Validation;2025;"Zare A.; Lazarova-Molnar S.";Zare A.;Proceedings - Winter Simulation Conference;Conference paper;English;10.1109/WSC68292.2025.11339112;https://www.scopus.com/pages/publications/105033149889?origin=resultslist;"Leveraging Digital Twins, as near real-time replicas of physical systems, can help identify inefficiencies and optimize production in manufacturing systems. Digital Twins' effectiveness, however, relies on continuous validation of the underlying models to ensure accuracy and reliability, which is particularly challenging for complex, multi-component systems where different components evolve at varying rates. Modular validation mitigates this challenge by decomposing models into smaller sub-models, allowing for tailored validation strategies. A key difficulty in this approach is preserving the interactions and dependencies among the sub-models while validating them individually; isolated validation may yield individually valid sub-models while failing to ensure overall model consistency. To address this, we build on our previously proposed modular validation framework and introduce an approach that enables submodel validation while maintaining interdependencies. By ensuring that the validation process reflects these dependencies, our method enhances the effectiveness of Digital Twins in dynamic manufacturing environments. © 2025 IEEE.";;;IN;Yes
other or general;Development and Validation of Digital Twin Behavioural Model for Virtual Commissioning of Cyber-Physical System;2025;"Ruzarovsky R.; Horak T.; Zelník R.; Skypala R.; Csekei M.; Šido J.; Nemlaha E.; Kopcek M.";Ruzarovsky R.;Applied Sciences (Switzerland);Article;English;10.3390/app15052859;https://www.scopus.com/pages/publications/86000588994?origin=resultslist;Modern manufacturing systems are influenced by the growing complexity of mechatronics, control systems, IIoT, and communication technologies integrated into cyber-physical systems. These systems demand flexibility, modularity, and rapid project execution, making digital tools critical for their design. Virtual commissioning, based on digital twins, enables the testing and validation of control systems and designs in virtual environments, reducing risks and accelerating time-to-market. This research explores the development of digital twin models to bridge the gap between simulation and real-world validation. The models identify design flaws, validate the PLC control code, and ensure interoperability across software platforms. A case study involving a modular Festo manufacturing system modelled in Tecnomatix Process Simulate demonstrates the ability of digital twins to detect inefficiencies, such as collision risks, and to validate automation systems virtually. This study highlights the advantages of virtual commissioning for optimizing manufacturing systems. Communication testing showed compatibility across platforms but revealed limitations with certain data types due to software constraints. This research provides practical insights into creating robust digital twin models, improving the flexibility, efficiency, and quality of manufacturing system design. It also offers recommendations to address current challenges in interoperability and system performance. © 2025 by the authors.;;;IN;Yes
other or general;Accurate EDM Calibration of a Digital Twin for a Seven-Axis Robotic EDM System and 3D Offline Cutting Path †;2025;"de Almeida S.T.; Mo J.P.T.; Bil C.; Ding S.; Cheng C.-T.";de Almeida S.T.;Micromachines;Article;English;10.3390/mi16080892;https://www.scopus.com/pages/publications/105014253264?origin=resultslist;The increasing utilization of hard-to-cut materials in high-performance sectors such as aerospace and defense has pushed manufacturing systems to be flexible in processing large workpieces with a wide range of materials while also delivering high precision. Recent studies have highlighted the potential of integrating industrial robots (IRs) with electric discharge machining (EDM) to create a non-contact, low-force manufacturing platform, particularly suited for the accurate machining of hard-to-cut materials into complex and large-scale monolithic components. In response to this potential, a novel robotic EDM system has been developed. However, the manual programming and control of such a convoluted system present a significant challenge, often leading to inefficiencies and increased error rates, creating a scenario where the EDM process becomes unfeasible. To enhance the industrial applicability of this robotic EDM technology, this study focuses on a novel methodology to develop and validate a digital twin (DT) of the physical robotic EDM system. The digital twin functions as a virtual experimental environment for tool motion, effectively addressing the challenges posed by collisions and kinematic singularities inherent in the physical system, yet with proven 20-micron EDM gap accuracy. Furthermore, it facilitates a CNC-like, user-friendly offline programming framework for robotic EDM cutting path generation. © 2025 by the authors.;;;IN;Yes
other or general;Prediction of bearing remaining useful life based on a two-stage updated digital twin;2025;"He D.; Zhao J.; Jin Z.; Huang C.; Zhang F.; Wu J.";He D.;Advanced Engineering Informatics;Article;English;10.1016/j.aei.2025.103123;https://www.scopus.com/pages/publications/85214564695?origin=resultslist;As a pivotal element in industrial production, bearings are vital for the smooth functioning of the system. It is essential to accurately predict the remaining useful life (RUL) of bearings. Yet, the present methods for predicting RUL do not consider the real-time health state of bearing operation, resulting in poor RUL prediction accuracy. This paper proposes a method for bearing RUL prediction, based on a two-stage updating digital twin and a dual-correlation dynamic graph convolutional network (DC-DGCN), to address the aforementioned problems. First, a bearing defect evolution model with outer ring defect expansion characteristics is established, and the initial defect expansion curve is obtained in the first stage using multi-objective optimization. This process achieves real-time interaction between the twin model and the real bearing. Then, the calibrated defects in the second stage are used to further update the full life cycle defect curve. Bi-directional Long Short-Term Memory (Bi-LSTM) is utilized to correlate the vibration characteristics of the real bearing with the twin defects to complete the real-time mapping. Finally, the mapped defects are incorporated into the feature space used for RUL prediction, allowing the proposed DC-DGCN method to extract correlations between physical and digital space features for the final prediction. The suggested method effectively increases the veracity of bearing RUL prediction, as the experimental results prove. © 2025 Elsevier Ltd;;;IN;Yes
other or general;Multi-stage calibration framework for a digital twin model in building operations: Cold chain logistics centers case study;2025;"Lin R.; Kwon S.; Bae S.";Lin R.;Energy and Buildings;Article;English;10.1016/j.enbuild.2025.115662;https://www.scopus.com/pages/publications/105001809326?origin=resultslist;This paper presents a multi-stage calibration framework for digital twins in building operations for cold chain logistics centers, focusing on key aspects such as temperature dynamics, cooling loads, and power consumption during such building operations. The rapid expansion of cold chain logistics centers has introduced significant challenges in ensuring product quality, optimizing energy consumption, and reducing operational costs. Digital twin-enabled building operations offer a potential solution to address these challenges. The proposed building digital twin, developed using EnergyPlus and Python, integrates sensor data with particle swarm optimization (PSO) algorithms to systematically calibrate key parameters such as internal thermal mass, air infiltration, and HVAC performance. Calibration is performed with a time step of one-minute, improving model accuracy by capturing transient dynamics that often overlooked by conventional hourly calibration methods. A real-world building was used to validate the proposed building digital twin model structure and calibration framework. Experimental results demonstrated the ability of the digital twin to predict building operating temperatures and energy consumption with high accuracy. The study highlights the benefits of using temperature and power sensor data as the primary inputs for model calibration, showing the potential on reducing reliance on more complex and intrusive measurement techniques. Furthermore, a multi-objective particle swarm optimization (MOPSO) algorithm was implemented to further verify the theoretical feasibility of the proposed multi-stage calibration framework. © 2025 Elsevier B.V.;;;IN;Yes
other or general;Research on full lifecycle health management of permanent magnet synchronous electric drum driven by digital twin with dynamic update;2025;"Chen W.; Wu W.; Zhang M.; Li H.; Shi Q.";Chen W.;Applied Intelligence;Article;English;10.1007/s10489-025-06910-7;https://www.scopus.com/pages/publications/105018058610?origin=resultslist;Currently, research on fault Prognostics and Health Management (PHM) based on Digital Twin mainly focuses on integrating real-time data from various sources to facilitate comprehensive product inspection and health management. However, existing DT research faces three main theoretical bottlenecks: the lack of dynamic evolution mechanisms in multi-physics coupled modeling, static models’ difficulty in adapting to the drift of equipment degradation characteristics, and health status assessment’s reliance on prior fault samples. To address these issues, this paper proposes a comprehensive lifecycle dynamic management method for the Tubular Permanent Magnet Synchronous Electric Drum (TPMSED), by constructing a Dual-service Lifecycle Management Digital Twin Model (DSL-DT) that achieves deep integration of physical entities and virtual spaces. Firstly, a multi-physics coupled dynamic model is established, integrating the nonlinear interactions of electromagnetic fields, temperature fields, and dynamic fields. This is achieved through a combination of finite element simulation and data-driven approaches, addressing the challenge of characterizing equipment performance degradation under complex operating conditions. Secondly, an innovative dual dynamic adjustment mechanism for compensator updates and parameter updates is designed, utilizing ridge regression algorithms and adaptive gradient algorithms to achieve online optimization of model parameters, effectively suppressing model mismatch during the degradation process. Lastly, a health index (HI)-based state assessment method is proposed, which triggers model updates by comparing characteristic deviations with thresholds, significantly enhancing the accuracy of Remaining Useful Life (RUL) predictions. Experimental validation on an intelligent conveying system development platform demonstrates that this method can accurately track the performance evolution of equipment throughout its lifecycle, providing a new theoretical paradigm and technical pathway for health management of complex electromechanical systems. © The Author(s), under exclusive licence to Springer Science+Business Media, LLC, part of Springer Nature 2025.;;;IN;Yes
other or general;Real-Time Data Acquisition and Digital Twin Model Synchronization Technology of Wind-Solar Electrolysis Hydrogen Production System Based on Internet of Things;2025;"Fang H.; Feng B.; Zuo Y.; Ma Q.; Pu T.; Zhen M.; Zhang J.; Peng Y.";Fang H.;Proceedings - 2025 International Conference on Electrical Drives, Power Electronics and Engineering, EDPEE 2025;Conference paper;English;10.1109/EDPEE65754.2025.00218;https://www.scopus.com/pages/publications/105011340596?origin=resultslist;Wind energy and solar energy, as complementary renewable energy, combined with hydrogen production technology from electrolyzed water, provide a new way to build a green and low-carbon energy system. Firstly, this paper summarizes the composition of the photovoltaic hydrogen production system, including three modules: wind power generation, photovoltaic power generation and electrolyzed water hydrogen production, and emphasizes the key role of the Internet of Things (IoT) technology in realizing real-time monitoring and control of the system. Then, the paper discusses in detail the application of digital twin technology in the dynamic behavior, optimal con figuration and operation strategy of the simulation system, and puts forward the mechanism to realize the synchronization of data acquisition and digital twin model, including data acquisition, transmission, preprocessing, synchronization and model update. The experimental results show that the system can maintain high data acquisition accuracy and low transmission delay under different wind speeds and light intensities, and the output deviation between the digital twin model and the physical system is less than 5%, which proves the real-time, accuracy and reliability of the system. Finally, the paper summarizes the effectiveness of the real-time data acquisition and digital twin model synchronization technology of the wind-solar electrolysis hydrogen production system based on IoT, and looks forward to its application prospect in the energy field.  © 2025 IEEE.;;;IN;Yes
other or general;Hierarchical Bayesian Model Updating of a 6 MW Offshore Wind Turbine Accounting for Variable Environmental and Operational Conditions;2025;"Moynihan B.; Moaveni B.; Hines E.";Moynihan B.;Lecture Notes in Civil Engineering;Conference paper;English;10.1007/978-3-031-96106-9_99;https://www.scopus.com/pages/publications/105019199828?origin=resultslist;"In offshore wind farm management, instrumentation campaigns are often deployed to measure the vibrational response of select wind turbines in the farm. Structural identification methods utilize this instrumentation data in order to track the dynamic performance of the turbine with the goal of performance assessment and damage identification. One approach for structural identification is inverse modeling or model updating which involves integration of measured observations from the structure with a virtual model that represents the true structure by matching the response features (e.g., modal parameters). Updated models or digital twins can be used to predict the dynamic response of the structure due to loading conditions, or to estimate the remaining fatigue life. The purpose of model updating is to obtain optimal modeling parameters that match the behavior of the real structure; these optimal model parameters can be treated both deterministically and probabilistically. Probabilistic treatment of model parameters enables uncertainty quantification and modeling error estimates which provides additional information about the digital twin. This work performs probabilistic digital twinning of an operational 6 MW offshore wind turbine using a hierarchical Bayesian model updating approach. Two model parameters (effective aerodynamic stiffness in horizontal directions) are treated probabilistically such that a distribution mean and covariance can be fit and estimated from the data. Multiple versions of hierarchical Bayesian model updating are performed to account for the unique behavior of the turbine under variable environmental and operational conditions. Different distributions are fit to find model parameter distributions for power production scenarios, accounting for the unique and varying dynamic behavior of the wind turbine during operation. For instance, the dominant natural frequency of the wind turbine show a distinct relationship with wind speed during power production by the wind turbine. In this case, level 2 hierarchical Bayesian modeling is employed in which the model parameter distribution is treated as a function of wind speed. The relationship of parameter distribution and wind speed is treated as both a linear function as well as a more complex function in order to assess which function best captures the wind turbine’s behavior. Results are compared to model parameters obtained through a frequentist approach. © The Author(s), under exclusive license to Springer Nature Switzerland AG 2025.";;;IN;Yes
other or general;DIGITAL TWIN CALIBRATION FOR BIOLOGICAL SYSTEM-OF-SYSTEMS: CELL CULTURE MANUFACTURING PROCESS;2024;"Cheng F.; Xie W.; Zheng H.";Cheng F.;Proceedings - Winter Simulation Conference;Conference paper;English;10.1109/WSC63780.2024.10838898;https://www.scopus.com/pages/publications/85217618453?origin=resultslist;Biomanufacturing innovation relies on an efficient Design of Experiments (DoEs) to optimize processes and product quality. Traditional DoE methods, ignoring the underlying bioprocessing mechanisms, often suffer from a lack of interpretability and sample efficiency. This limitation motivates us to create a new optimal learning approach for digital twin model calibration. In this study, we consider the cell culture process multi-scale mechanistic model, also known as Biological System-of-Systems (Bio-SoS). This model with a modular design, composed of sub-models, allows us to integrate data across various production processes. To calibrate the Bio-SoS digital twin, we evaluate the mean squared error of model prediction and develop a computational approach to quantify the impact of parameter estimation error of individual sub-models on the prediction accuracy of digital twin, which can guide sample-efficient and interpretable DoEs. © 2024 IEEE.;;;IN;Yes
other or general;Thermal Model Validation of a Power Electronics Module for Digital Twin Application;2024;"Zoller S.; Cabre-Piqueras C.; Schilder B.; Filba-Martinez A.; Acker L.";Zoller S.;ECCE Europe 2024 - Energy Conversion Congress and Expo Europe, Proceedings;Conference paper;English;10.1109/ECCEEurope62508.2024.10751873;https://www.scopus.com/pages/publications/85211817659?origin=resultslist;Thermal stress is a critical failure factor for power electronics components. Hence, when developing a precise digital twin for a power system, it is imperative that thermal models provide a reliable portrayal of the component physics. In that regard, manufacturers offer simplified thermal models that enable designers and users to estimate its behaviour. Nevertheless, the accuracy of these models remains unknown, thus compromising the overall certainty of the digital twin. Therefore, it is of interest to discern whether these simplified models are sufficient for the precision required by the digital twin, and to assess the need of developing a more accurate model. Hence, this paper focuses on validating the theoretical thermal model of a power electronics switch module setup by using the deviation of the module mean time to failure (MTTF) as the acceptance parameter. To achieve this, a novel experimental validation methodology is proposed to retrieve an experimental thermal model and compare it to the theoretical one. This validation is performed considering the discrete thermal impedances and introducing the study of the coupling effects within the module. © 2024 IEEE.;;;IN;Yes
other or general;An MBSE approach for Virtual Verification & Validation of Systems with Digital Twins;2024;"Honcak R.; Wooley A.";Honcak R.;Proceedings: MODELS 2024 - ACM/IEEE 27th International Conference on Model Driven Engineering Languages and Systems: Companion Proceedings;Conference paper;English;10.1145/3652620.3688252;https://www.scopus.com/pages/publications/85212235723?origin=resultslist;The automotive industry is embracing digital transformation, with trends like electric mobility leading the way. However, how will we efficiently and sustainably develop our electrified vehicles in the future? Agile customer demands, which require shorter product development cycles, pose a challenge for the automotive supplier industry. One approach to address this challenge is the adoption of Model Based Systems Engineering (MBSE) and Digital Twins (DT) for product digitalization and virtualization. MBSE supports product development from inception to the entire product lifecycle by continuously describing the system based on a system model. DTs, which are virtual representations of physical products/systems, capture both behavior and lifespan through simulation models and workflows. The complexity of DTs will highly increase due to multi-physical interactions, requiring consistency and traceability for the cross-domain development as well as application of simulation models and workflows in virtual testing and product approvals. The foundation lies in calibrated, verified, and validated simulation models, as well as reproducible simulation workflows, with capabilities that include uncertainty assessments. Processes and methods are necessary to manage complexity, ensure systematic validation, and efficiently develop DTs. Current approaches often overlook how DTs should be specified, designed, tested, and standardized. This research highlights the advantages of introducing a V-model and MBSE for DT development within the context of digital engineering. These measures can enhance the efficiency, reusability, quality, and automation of DTs. © 2024 Copyright is held by the owner/author(s).;;;IN;Yes
other or general;Digital twin with augmented state extended Kalman filters for forecasting electric power consumption of industrial production systems;2024;"Baldassarre A.; Dion J.-L.; Peyret N.; Renaud F.";Baldassarre A.;Heliyon;Article;English;10.1016/j.heliyon.2024.e27343;https://www.scopus.com/pages/publications/85187978100?origin=resultslist;The work aims to develop an effective tool based on Digital Twins (DTs) for forecasting electric power consumption of industrial production systems. DTs integrate dynamic models combined with Augmented State Extended Kalman Filters (ASEKFs) in a learning process. The connection with the real counterpart is realized exclusively through non-intrusive sensors. This architecture enables the model development of industrial systems (components, machinery and processes) on which complete knowledge is not available, by identifying the model's unknown parameters through short online training phases and small amounts of real-time raw data. ASEKFs track the unknowns keeping models updated as physical systems evolve. When a forecast is needed, the current estimates of the uncertain parameters are integrated into the dynamic models. These can then be used without ASEKFs to predict the actual energy use of the system under the desired operating conditions, including scenarios that differ from typical functioning. The approach is validated offline with reference to the electricity consumption of an automatic coffee machine, which represents a real test environment and a blueprint to design DTs for other industrial systems. The appliance is observed by measuring the supply voltage and the absorbed current. The accuracy of the results is analyzed and discussed. This method is developed in the context of energy consumption prediction and optimization in the manufacturing industry through refined energy management and planning. © 2024 The Authors;;;IN;Yes
production system object;Cognitive digital twin in manufacturing process: integrating the knowledge graph for enhanced human-centric Industry 5.0;2024;"Su C.; Tang X.; Han Y.; Wang T.; Jiang D.";Su C.;International Journal of Production Research;Article;English;10.1080/00207543.2024.2435583;https://www.scopus.com/pages/publications/85210927829?origin=resultslist;"Industry 5.0 emphasises human-centric intelligent manufacturing, posing challenges in integrating human expertise with advanced machine capabilities. To address these challenges, a novel three-layer cognitive digital twin model based on knowledge graphs is proposed, designed to integrate workers’ knowledge and experience into intelligent manufacturing processes. This model comprises three layers: an ontology layer that constructs a foundational process knowledge ontology library; a knowledge layer that maps real-time data to dynamically update digital models; and a cognitive layer that utilises machine learning, knowledge reasoning, and knowledge mining for advanced analysis, state understanding, and model evolution. The model promotes user interaction through intuitive interfaces and a Q&A system, leveraging techniques such as knowledge reasoning and querying to support decision-making and enhance worker engagement. Validated through a system implemented for aero-engine blade production, this cognitive digital twin model leverages human expertise and machine capabilities to enhance process control, quality management, and overall efficiency. The proposed approach demonstrates significant potential for advancing personalised human-machine interaction in manufacturing, truly embodying the value of a human-centric approach and paving the way for future developments in the field. © 2024 Informa UK Limited, trading as Taylor & Francis Group.";;;IN;Yes
production system object;Integrating digital twins in metal sink factories: A pathway to smart manufacturing;2024;"Kappatos V.; Athanasakos L.; Tromaras A.; Krimpenis A.";Kappatos V.;Materials Research Proceedings;Conference paper;English;10.21741/9781644903377-52;https://www.scopus.com/pages/publications/85213389668?origin=resultslist;This study presents the development and validation of a digital twin for the production line of monoblock sinks. The digital twin was created using the AnyLogic simulation platform, integrating both 2D and 3D environments to replicate the factory’s operations. The model simulates the movement of workers and machinery across key stations in the production process, providing detailed insights into resource availability, machine usage, and potential bottlenecks. Validation of the model was conducted through a comparison of simulated production rates with real-world data for key production stations. The results demonstrated a high degree of accuracy, with discrepancies between simulated and actual production times within a few seconds. The digital twin offers a powerful tool for experimentation and optimization, enabling adjustments in process times, workforce allocation, and equipment utilization. This approach not only enhances production efficiency but also provides a reliable platform for future decision-making and process improvements. © 2024, Materials Research Proceedings. All rights reserved.;;;IN;Yes
other or general;Methods to Enable Evolvable Digital Twins for Flexible Automated Production Systems;2024;"Vogel-Heuser B.; Lahrsen B.; Wilch J.; Ji F.; Zhang M.; Neumann E.-M.";Vogel-Heuser B.;Asia-Pacific Journal of Operational Research;Article;English;10.1142/S0217595924400153;https://www.scopus.com/pages/publications/85198914510?origin=resultslist;Changing requirements cause flexible automated Production Systems (aPS) to evolve over decades. Digital Twins (DT) of the different hierarchy levels and design steps ease this evolution, e.g., by enabling requirement analysis and compatibility checks ahead of any physical changes. To ensure up-to-date models and integrate additional knowledge, information gained during operation is included in DTs. Consequently, evolvability, decomposability, control software modularity, and learning during operation are identified as four requirements to achieve such evolvable DTs. Concepts to realize every requirement are introduced and exemplarily validated using a demonstrator machine. AutomationML (AML), the XML-based vendor neutral language for information modeling and exchange in between different disciplines and their tools and product classification systems like ECLASS that specify components attributes vendor neutral enable evolvability during the design phase. Decomposability is achieved by assembling DTs of components according to ISA 88 levels from control unit to facility. A control primitive concept that realizes control software modularity is introduced and validated. Based on data analytics and operation data the DT can be updated by using the versioning mechanism of AML. Thereby, the DT for the next machine generation is improved with knowledge from operation and represents the already existing machine more precisely. © 2024 The Author(s).;;;IN;Yes
production system object;Robust Online Update of Digital Twin for Flexible Automation Cell;2024;"Ramasamy S.; Puppala N.K.; Rudqvist A.; Appelgren A.; Danielsson F.; Vallhagen J.";Ramasamy S.;IEEE International Conference on Emerging Technologies and Factory Automation, ETFA;Conference paper;English;10.1109/ETFA61755.2024.10710894;https://www.scopus.com/pages/publications/85207823804?origin=resultslist;Digital twin technology is pivotal in the transition of manufacturing industries towards Industry 4.0, as it enables the creation of virtual representations of physical shop floors and production processes. This technology addresses manufacturing challenges by allowing the reuse and adjustment of production equipment in real-time, facilitating novel technologies, and supporting the adoption of flexibilities to add new product variants. The significance of resource-efficient and flexible production systems is highlighted by their ability to optimize resource utilization and enable reconfiguration through digital models. This study specifically investigates the differences between physical systems and their digital twins, focusing on the sustainable updating of virtual models of a flexible automation cell. Digital models of the flexible automation cell are acquired using 3D laser scanning techniques, capturing data as point clouds. The differences between new point cloud models and existing digital models are analyzed using CloudCompare software. Identified changes are extracted from the digital models as point clouds and converted into 3D mesh models through surface reconstruction techniques, thereby updating the digital twin. To address inaccuracies in the detailed extraction of digital models compared to physical models, an additional fusion step is implemented. This step integrates data from photogrammetry and 3D laser scanning, enhancing the point clouds and producing accurate 3D models of the automation cell. The main focus of this study is to determine the most effective approach for scanning an automation cell and identifying changes by comparing two digital models, thereby contributes to the field of digital twin technology with a novel methodology for sustainable virtual model updates. © 2024 IEEE.;;;IN;Yes
other or general;Digital Twin of Cyber-Physical CNC for Smart Manufacturing;2023;"Williams B.; Ciocarlie G.; Saleeby K.; Ismail M.; Mulkey C.";Williams B.;2023 IEEE 3rd International Conference on Digital Twins and Parallel Intelligence, DTPI 2023;Conference paper;English;10.1109/DTPI59677.2023.10365463;https://www.scopus.com/pages/publications/85182738197?origin=resultslist;Due to the complexity of smart manufacturing systems, digital twins (DTs) can help manufacturers test and validate products as well as determine any process failures before production. Computer numerical control (CNC) machines are widely used and employed in several manufacturing industries because of their precision and efficiency. Despite the wide adoption of CNC machines, there is currently no CNC-based DT that simulates an entire production process. This paper demonstrates the implementation and validation of a DT that can 1) replicate the physical manufacturing operations of products on Tormach CNC machines by accurately generating the positional values of the machine's tool path along the X, Y, and Z axes, 2) employ MTConnect's communication protocol by utilizing an adapter and an agent that produces data such as timestamps, axis positions, and spindle speed into MTConnect's standardized XML format, 3) deploy an MTConnect utility, dataminer, to collect data from the agent and properly store it into a JSON format for further analysis. For validation purposes, an example coin geometry was simulated on the DT and manufactured in aluminum on a real Tormach machine. A comparison between the simulated operations and real system was made to validate the accuracy of the DT. Dynamic time warping (DTW) was used to compare process data from the DT with data from the real machine. Our analysis shows that the DT and real system have a high correlation as the DTW warping path is closely aligned at a 45 degree angle line and has minimal time warping. © 2023 IEEE.;;;IN;Yes
production system object;Towards discrete manufacturing workshop-oriented digital twin model: Modeling, verification and evolution;2023;"Qian W.; Guo Y.; Zhang L.; Wang S.; Huang S.; Geng S.";Qian W.;Journal of Manufacturing Systems;Conference paper;English;10.1016/j.jmsy.2023.09.005;https://www.scopus.com/pages/publications/85172377168?origin=resultslist;Digital twin (DT) is one of key enabling technologies of intelligent transformation in discrete manufacturing workshop (DMW). The construction of digital twin system in DMW has greatly expanded the connotation and extension of smart manufacturing. Although previous studies have shown the success in DT, there is still a lack of clear and systematic methods of DT in DMW. To bridge this gap, this article focuses on how to systematically and effectively construct DT model methods for DMW. Taking the modeling, verification, and evolution of DT model as the main line, three key technologies related to digital twin in DMW are proposed, including model migration based matching modeling technology, graph convolutional network and temporal convolutional network based DT model verification and Adaboost based synchronous evolution of DT model, which will provide a systematic theory and method for the construction of DT model for DMW. The experiment demonstrates that the proposed methods have good performance for physical workshop in industrial environment and provide a holistic understanding of DT model modeling in DMW. © 2023;;;IN;Yes
other or general;Updating digital twins: Methodology for data accuracy quality control using machine learning techniques;2023;"Rodríguez F.; Chicaiza W.D.; Sánchez A.; Escaño J.M.";Rodríguez F.;Computers in Industry;Article;English;10.1016/j.compind.2023.103958;https://www.scopus.com/pages/publications/85163730436?origin=resultslist;The Digital Twin (DT) constitutes an integration between cyber and physical spaces and has recently become a popular concept in smart manufacturing and Industry 4.0. The related literature provides a DT characterisation and identifies the problem of updating DT models throughout the product life cycle as one of the knowledge gaps. The DT must update its performance by analysing the variable data in real time of the physical asset, whose behaviour is constantly changing over time. The automatic update process involves a data quality problem, i.e., ensuring that the captured values do not come from measurement or provoked errors. In this work, a novel methodology has been proposed to achieve data quality in the interconnection between digital and physical spaces. The methodology is applied to a real case study using the DT of a real solar cooling plant, acting as a learning decision support system that ensures the quality of the data during the update of the DT. The implementation of the methodology integrates a neurofuzzy system to detect failures and a recurrent neural network to predict the size of the errors. Experiments were carried out using historical plant data that showed great results in terms of detection and prediction accuracy, demonstrating the feasibility of applying the methodology in terms of computation time. © 2023 The Author(s);;;IN;Yes
other or general;A modelling and updating approach of digital twin based on surrogate model to rapidly evaluate product performance;2023;"Liu X.; Han X.; Wang H.; Liu G.";Liu X.;International Journal of Advanced Manufacturing Technology;Article;English;10.1007/s00170-023-12646-w;https://www.scopus.com/pages/publications/85176364521?origin=resultslist;As a technology for the interaction and integration of products and simulation models, the digital twin can achieve accurate prediction and evaluation of product performance. However, the accurate model base is computationally complex, has a long iteration time, and is unable to perceive changes in the operating state in time. This leads to poor adaptability of the model and low efficiency of performance evaluation. The surrogate model can simplify the above model and improve computational efficiency. Based on this, this paper proposes a digital twin modelling and updating approach. The surrogate model is applied to the digital twin modelling process, which can accurately describe the physical mechanism and achieve interaction with the physical world. Then, this paper defines the consistency metric function, which achieves the rapid perception of the operation state and follows the physical world. Meanwhile, an improved LHS-Adam model update algorithm is used to adaptively update the model structure, improving the efficiency of the model parameters adjustment. Finally, experiments are conducted on the bogie suspension system to verify the feasibility and effectiveness of the update method in practical applications. The experimental results show that the established digital twin model has good updating performance and more efficient performance evaluation capability. © 2023, The Author(s), under exclusive licence to Springer-Verlag London Ltd., part of Springer Nature.;;;IN;Yes
production system object;IIoT-Supported Manufacturing-Material-Flow Tracking in a DES-Based Digital-Twin Environment;2023;"Monek G.D.; Fischer S.";Monek G.D.;Infrastructures;Article;English;10.3390/infrastructures8040075;https://www.scopus.com/pages/publications/85153715610?origin=resultslist;Manufacturing processes can be cited as significant research areas when examining infrastructure systems and infrastructure, as they are inextricably linked to both. Examples include automobile manufacturing, the production of traffic signs, etc. Connecting and utilizing Industry 4.0 technologies and processing simulation solutions to address industry challenges, such as process optimization and fault detection, are gaining in popularity. Cyber-physical systems and digital twins connect the physical and cyber worlds to enable intelligent manufacturing capabilities, increased system flexibility, decreased manufacturing-cycle times, and improved quality. This paper presents a solution that improves the synchronization between the real (physical) and simulation (digital) layers, using discrete-event-driven simulations to create more efficient and accurate digital-twin environments. Using a combination of inexpensive commercial microcontrollers and an inertial-measurement-unit sensor to enhance a standard programmable logic controller process, a discrete-event-simulation-based digital layer is updated in real time to produce a live digital twin. The system can accurately identify and track products throughout the production cycle while simultaneously updating the digital twin in real time. Even independently, the algorithm running on the microcontroller can be used to gather the input parameters required for the simulation of production processes. The implemented environment can serve as a suitable testing ground for investigating the practical applicability of digital-twin solutions. © 2023 by the authors.;;;IN;Yes
other or general;Methodology for enabling dynamic digital twins and virtual model evolution in industrial robotics - a predictive maintenance application;2023;"Aivaliotis P.; Arkouli Z.; Georgoulias K.; Makris S.";Aivaliotis P.;International Journal of Computer Integrated Manufacturing;Article;English;10.1080/0951192X.2022.2162591;https://www.scopus.com/pages/publications/85147746310?origin=resultslist;A methodology for enabling the implementation of the Digital Twins (DTs) of industrial robots and complex machines is presented. The enabled DT can provide a series of benefits, for instance when combined with the degradation curves of critical health indicators can allow predicting the robots’ RUL. This paper suggests a systematic and generic methodology to address challenges such as (1) the definition of the physics-based model parameters for accurate DTs, (2) selection of the parameters to tune and the frequency of their tuning to capture the physical changes in the digital world, (3) calculation of new modeling parameters values based on the collected filed data and their automated propagation to the digital model. A software module to implement these functionalities was developed, whereas the testing and validation of the module were held for an industrial robotic manipulator for a manufacturing application. The results prove that the methodology is generic to accommodate the desired granularity per case, and that the tuning of the digital model ensures realistic DTs, which sets the foundation for physics-based predictive maintenance tools. © 2023 The Author(s). Published by Informa UK Limited, trading as Taylor & Francis Group.;;;IN;Yes
production system object;Self-learning Time-varying Digital Twin System for Intelligent Monitoring of Automatic Production Line;2023;"Hao C.; Wang Z.; Zou Y.; Zhao Z.";Hao C.;Journal of Physics: Conference Series;Conference paper;English;10.1088/1742-6596/2456/1/012021;https://www.scopus.com/pages/publications/85152628654?origin=resultslist;At present, the automation production line has problems such as insufficient intelligence level. The intelligent monitoring, control and improvement of product quality and efficiency are the key common technologies faced by advanced manufacturing industry. Self-learning time varying digital twin (DT) system for intelligent monitoring is proposed in the paper. In the process of automatic production line processing and workpiece detection, an DT consisting of physical production line layer, edge monitoring layer and cloud evolution layer is built. The DT system realizes self-learning time-varying through active excitation of processing parameter optimization. The workpiece quality is a real-time representation of the tool condition, and the tool wear sensitive features extracted by the deep learning algorithm. Through the two-way drive of time-varying physical and virtual data, the tool wear characterization model can be evaluated, self-learning, updated and verified timely in the light of the actual condition to achieve tool condition monitoring and processing parameter optimization. The prediction model is self-iterative and simplified in the cloud, and the edge side is quickly matched and adaptive. Self-learning time-varying DT system based on self-driving of manufacturing process can adaptively improve the ability of intelligent monitoring.  © Published under licence by IOP Publishing Ltd.;;;IN;Yes
other or general;Live fitting of process data within digital twins of manufacturing to use simulation and optimisation;2024;"Schumacher C.; Stilling J.; Kriege J.; Buchholz P.";Schumacher C.;Journal of Simulation;Article;English;10.1080/17477778.2024.2376711;https://www.scopus.com/pages/publications/85198363612?origin=resultslist;In production scenarios, uncertainty in production times, and scrap rates is common. Uncertainty can be described by stochastic models that need continuous updates due to changing conditions. This paper models probability distributions and estimates their parameters from real-world data on processing times and scrap rates. It uses live fitting to identify timely changes in the data sets, comparing different distributions. The fitting and live fitting approaches are applied to data from a real production system to compare the goodness of fit for different distributions and to demonstrate the reliability of the reaction to changes in the input data. Data and probability estimations are categorised, and a concept combining simulation and optimisation models is developed to optimise scheduling. The vision of the research presented in this paper is an online approach that determines quasi-optimal schedules for production systems based on current data from the system and its environment. © 2024 The Author(s). Published by Informa UK Limited, trading as Taylor & Francis Group.;;;IN;Yes
production system object;Online validation of digital twins for manufacturing systems;2023;"Lugaresi G.; Gangemi S.; Gazzoni G.; Matta A.";Lugaresi G.;Computers in Industry;Article;English;10.1016/j.compind.2023.103942;https://www.scopus.com/pages/publications/85163280370?origin=resultslist;Digital twins are considered among the most important technologies to optimize production systems and support decision making. To benefit from their functionalities, it is essential to guarantee a correct alignment between the physical system and the associated digital model, as well as to assess the validity of the digital model online. This operation should be conducted rapidly and with a small data set, especially in highly dynamic contexts. Further, the whole behaviour of a system may be of interest rather than the sole average performance. Traditional validation techniques are limited because of the restrictive assumptions and the need for large amounts of data. This work defines the problem of checking the validity of digital twins for production planning and control while the physical system is operating. A methodology describing the data and the types of validation is proposed including a set of techniques to be used at different levels of detail. The congruence between the physical system and the corresponding digital model is measured by treating data as sequences and measuring their similarity level with digitally-produced data by exploiting a proper comparison technique. The numerical experiments show the potential of the proposed approach and its applicability in realistic settings. © 2023 Elsevier B.V.;;;IN;Yes
production system object;The ontology-based modeling and evolution of digital twin for assembly workshop;2021;"Bao Q.; Zhao G.; Yu Y.; Dai S.; Wang W.";Bao Q.;International Journal of Advanced Manufacturing Technology;Article;English;10.1007/s00170-021-07773-1;https://www.scopus.com/pages/publications/85111482663?origin=resultslist;Digital twin (DT) technology has been entrusted with the tasks of modeling and monitoring of the product, process, and production system. Moreover, the development of semantic modeling and digital perception provides the feasibility for the application of DT in the manufacturing industry. However, the application of DT technology in assembly workshop modeling and management is immature for the discreteness of assembly process, diversity of assembly resource, and complexity of dataflow in the assembly task execution. A method of ontology-based modeling and evolution of DT for the assembly workshop is proposed to deal with this situation. Firstly, the ontology-based modeling method is given for the assembly resource and process. By instantiating in the ontology, resources and processes can be involved in the modeling and evolution of the DT workshop. Secondly, the DT assembly workshop framework is introduced with the detailed discussions of dataflow mapping, DT evolution, storage, and tracing of historical data generated during the operation of the workshop. In addition, a case study is illustrated to show the entire process of construction and evolution of the DT modeled on an experimental field, indicating the feasibility and validity of the method proposed. © 2021, The Author(s), under exclusive licence to Springer-Verlag London Ltd., part of Springer Nature.;;;IN;Yes
production system object;Online Validation of Simulation-Based Digital Twins Exploiting Time Series Analysis;2022;"Lugaresi G.; Gangemi S.; Gazzoni G.; Matta A.";Lugaresi G.;Proceedings - Winter Simulation Conference;Conference paper;English;10.1109/WSC57314.2022.10015346;https://www.scopus.com/pages/publications/85147417378?origin=resultslist;Recently, the development of new technologies within the Industry 4.0 revolution enabled to increase the digitization level of manufacturing plants. To benefit from the functionalities of digital twins, it is essential to guarantee a correct alignment between the physical system and the associated digital model along the whole system life cycle, and to assess the validity of the digital model online. Traditional validation techniques cannot be applied for such purpose because of the restrictive assumptions and the need of large amounts of data. This work proposes a novel online validation method to assess the correctness of Discrete Event Simulation models. Validation is done by treating shop-floor data as sequences, and measuring the similarity between the data streams from the physical system and its corresponding digital model. The proposed method has been tested via offline experiments and with an application within a digital twin architecture exploiting a lab-scale manufacturing system.  © 2022 IEEE.;;;IN;Yes
other or general;Verification and validation of digital twins and virtual testbeds;2022;"Dahmen U.; Osterloh T.; Roßmann J.";Dahmen U.;International Journal of Advances in Applied Sciences;Article;English;10.11591/ijaas.v11.i1.pp47-64;https://www.scopus.com/pages/publications/85146883252?origin=resultslist;Our society is surrounded by technical systems that increasingly influence and take over aspects of everyone’s everyday life. As we build on the correct functioning, the need for appropriate methodologies that support the development of reliable products persists. However, the development and in particular the qualification become challenging due to their increasing inherent complexity. Virtual testbeds and digital twins are modern key concepts in this context and offer a wide range of opportunities for simulation-based verification and validation processes with virtual prototypes, especially in cases where real tests are hard to perform. However, the validity of test results derived from virtual experiments depends on the quality of the underlying simulation models. Of course, the models themselves must be verified before. But in the context of virtual testbeds and digital twins this becomes challenging since the corresponding models are usually complex themselves. Therefore, we presented an approach to establish structured verification and validation activities for digital twins and virtual testbeds, based on a modular configuration framework that supports the development of complex simulation models. © 2022, Intelektual Pustaka Media Utama. All rights reserved.;;;IN;Yes
production system object;Multidimensional data modeling and model validation for digital twin workshop;2021;"Qian W.; Guo Y.; Cui K.; Wu P.; Fang W.; Liu D.";Qian W.;Journal of Computing and Information Science in Engineering;Article;English;10.1115/1.4049634;https://www.scopus.com/pages/publications/85107999623?origin=resultslist;Digital twin workshop (DTW) is an important embodiment of intelligent manufacturing in the workshop level, which enables the smart production control and management of the workshop. However, there still exist problems including data modeling and verification of digital model in the process of DTW construction. To solve these problem, multidimensional data modeling and model validation methods of DTW are proposed in this article. First, five-order tensor models for representing manufacturing elements are established to unify the data from physical workshop (PW) and virtual workshop (VW). Then, the mathematical method for verifying DTW twin model is proposed from the recessive and explicit perspective. Finally, a case study of an aerospace machining workshop is carried out to verify the operability and effectiveness of the proposed method. The case analysis shows that the proposed methods can effectively evaluate whether the twin model accurately provides the description of the actual behavior process of physical workshop, and the proposed methods have good performance. © 2021 by ASTM International.;;;IN;Yes
other or general;Model updating of a wind turbine blade finite element Timoshenko beam model with invertible neural networks;2022;"Noever-Castelos P.; Melcher D.; Balzani C.";Noever-Castelos P.;Wind Energy Science;Article;English;10.5194/wes-7-623-2022;https://www.scopus.com/pages/publications/85127049924?origin=resultslist;Digitalization, especially in the form of a digital twin, is fast becoming a key instrument for the monitoring of a product's life cycle from manufacturing to operation and maintenance and has recently been applied to wind turbine blades. Here, model updating plays an important role for digital twins, in the form of adjusting the model to best replicate the corresponding real-world counterpart. However, classical updating methods are generally limited to a reduced parameter space due to low computational efficiency. Moreover, these approaches most likely lack a probabilistic evaluation of the result. The purpose of this paper is to extend a previous feasibility study to a finite element Timoshenko beam model of a full blade for which the model updating process is conducted through the novel approach with invertible neural networks (INNs). This type of artificial neural network is trained to represent an inversion of the physical model, which in general is complex and non-linear. During the updating process, the inverse model is evaluated based on the target model's modal responses. It then returns the posterior prediction for the input parameters. In advance, a global sensitivity study will reduce the parameter space to a significant subset on which the updating process will focus. The finally trained INN excellently predicts the input parameters' posterior distributions of the proposed generic updating problem. Moreover, intrinsic model ambiguities, such as material densities of two closely located laminates, are correctly captured. A robustness analysis with noisy response reveals a few sensitive parameters, though most can still be recovered with equal accuracy. And, finally, after the resimulation analysis with the updated model, the modal response perfectly matches the target values. Thus, we successfully confirmed that INNs offer an extraordinary capability for structural model updating of even more complex and larger models of wind turbine blades. © 2022 Pablo Noever-Castelos et al.;;;IN;Yes
production system object;Incremental update of a digital twin of a production system by using scan and object recognition;2021;"Sommer M.; Stjepandić J.; Stobrawa S.";Sommer M.;Advances in Transdisciplinary Engineering;Conference paper;English;10.3233/ATDE210086;https://www.scopus.com/pages/publications/85119196959?origin=resultslist;While production plants are subjects of frequent change, for instance due to changed processes, new products or new machine tools, the process plans must be subsequently updated. This generally affects all planning processes for production management and thus in particular also modern planning methods such as the Digital Twin of a production system. The simulation of production processes using a Digital Twin is a promising means for prospective planning, analysis of existing systems or process-parallel monitoring. However, many companies, especially small and medium-sized enterprises, do not apply the technology, because the generation of a Digital Twin is cost-, time- and resource-intensive and IT expertise is required. Supposed that the process of generation of the Digital Twin was completed once using scans and deep learning applied to a point cloud of a production system, this paper describes a conceptual approach to provide an incremental update of this Digital Twin, as often as necessary. The solution alternatives are presented and discussed, in particular the use of flexible devices (360ï£¡-camera) for the object acquisition. A particular attention is given to the integration of the entire change process for updating an existing Digital Twin. © 2021 The authors and IOS Press.;;;IN;Yes
other or general;Artificial Neural Network for Fast and Versatile Model Parameter Adjustment utilizing PAT Signals of Chromatography Processes for Process Control under Production Conditions;2022;"Mouellef M.; Szabo G.; Vetter F.L.; Siemers C.; Strube J.";Mouellef M.;Processes;Article;English;10.3390/pr10040709;https://www.scopus.com/pages/publications/85128658455?origin=resultslist;Preparative chromatography is a well-established operation in chemical and biotechnology manufacturing. Chromatography achieves high separation performances, but often has to deal with the yield versus purity trade-off as the optimization criterium regarding through-put. The initial trade-off is often disturbed by the well-known phenomenon of chromatogram shifts over process lifetime, and has to be corrected by operators via adjustment of peak fraction cutting. Nevertheless, with regard to autonomous operation and batch to continuous processing modes, an advanced process control strategy is needed to identify and correct shifts from the optimal operation point automatically. Previous studies have already presented solutions for batch-to-batch variance and process control options with the aid of rigorous physico-chemical process modeling. These models can be implemented as distinct digital twins as well as statistical process operation data analyzers. In order to utilize such models for advanced process control (APC), the model parameters have to be updated with the aid of inline Process Analytical Technology (PAT) data to describe the actual operational status. This updating process also includes any operational change phenomena that occur, and its relation to their physico-chemical root cause. Typical phenomena are fluid dynamic changes due to packing breakage, channelling or compression as well as mass transfer and phase equilibrium-related separation performance decrease due to adsorbent aging or feed and buffer composition changes. In order to track these changes, an Artificial Neural Network (ANN) is trained in this work. The ANN training is in this first step, based on the simulation results of a distinct and previously experimentally validated process model. The model is implemented in the open source tool CasADi for Python. This allows the implementation of interfaces to process control systems, among others, with relatively low effort. Therefore, PAT signals can easily be incorporated for sufficient adjustment of the process model for appropriate process control. Further steps would be the implementation of optimization routines based on PAT and ANN predictions to derive optimal operation points with the model. @ by the authors. Licensee MDPI, Basel, Switzerland. This.;;;IN;Yes
production system object;A concept in synchronization of virtual production system with real factory based on anchor-point method;2018;"Talkhestani B.A.; Jazdi N.; Schlögl W.; Weyrich M.";Talkhestani B.A.;Procedia CIRP;Conference paper;English;10.1016/j.procir.2017.12.168;https://www.scopus.com/pages/publications/85044658638?origin=resultslist;A Digital Twin, an always in sync digital model of existing manufacturing cells, can be used to reduce time and risk of reconfiguration by early detection of design or process sequence flaws of the system in virtual commissioning and simulation. In this paper the need of Digital Twins in future production plants as well as the structure of the Digital Twin is presented. The engineering process of production systems is a cross-domain challenge between mechanics, electrics and software, but a lack of collaboration and universal information transfer between the domains leads to a high investment volume by synchronization the digital model from the time of commissioning. To synchronize cross-domain mechatronic data models of mechatronic components in the digital world during the life cycle of existing production systems this paper presents the anchor point method to firstly detect variances of cross-domain mechatronic data structure between the digital model and the real system in the specific domains electrics, mechanics and software and update the virtual models to have a consistent data model of the Digital Twin. © 2017 The Authors.;;;IN;Yes
other or general;Digital Twin for Legacy Systems: Simulation Model Testing and Validation;2018;"Khan A.; Dahl M.; Falkman P.; Fabian M.";Khan A.;IEEE International Conference on Automation Science and Engineering;Conference paper;English;10.1109/COASE.2018.8560338;https://www.scopus.com/pages/publications/85059985353?origin=resultslist;In this paper, an approach to incorporate a digital twin for legacy production systems is presented. Hardware-in-the-loop setups are routinely used by manufacturing companies to carry out virtual commissioning. However, manufacturing companies having online legacy production systems are still struggling to incorporate a digital twin due to the absence of verified and validated simulation models. Companies that use virtual commissioning as a part of their engineering tool chain, usually perform offline verification of the simulation model. This approach is typically based on visual inspection and is a tedious task as each aspect of the model has to be visually validated. For legacy systems, only assessing the behavior visually in the absence of updated documents can result in an incorrect simulation model, i.e. simulating incorrect behavior with respect to the specification. Due to this, such simulation models cannot be incorporated in the engineering tool chain, as the simulated results can lead to improper decisions and can even cause equipment damage. This paper presents a platform and an approach, based on model-based testing, that is a first step for manufacturing companies to incorporate a validated simulation model for existing online production systems that will serve as a digital twin. © 2018 IEEE.;;;IN;Yes
other or general;Digital Twin Bionics: A Biological Evolution-Based Digital Twin Approach for Rapid Product Development;2021;"Li L.; Gu F.; Li H.; Guo J.; Gu X.";Li L.;IEEE Access;Article;English;10.1109/ACCESS.2021.3108218;https://www.scopus.com/pages/publications/85113833323?origin=resultslist;With intensified market competition, product development procedure is accelerated, requiring rapid product innovation and efficient collaboration between design and manufacturing. However, there still exist information islands, prohibiting integration of product life cycle processes. To address this issue, bionics and digital twin (DT) are combined as a potential solution. The concepts, framework, and features of digital twin bionics (DTB) is originally proposed, with co-evolution mechanism of product-twins (including virtual and physical products) and production-twins (including virtual and physical production) elaborated. A symbiotic co-evolution mechanism is presented to integrate the processes of product development and manufacturing. In detail, the supporting technologies, such as industrial internet of things, cloud edge computing, big data, and artificial intelligence, as well as the potential key technologies, are illustrated. A case study for rapid development of automotive body-in-white in an industrial robotics welding production line is investigated to verify the applicability of the proposed framework. The results suggest that the integration of bionics and DTs can accelerate the innovations and developments of new products and also help to achieve efficient management of production construction.  © 2013 IEEE.;;;IN;Yes
other or general;A Complete Digital Chain to Enable the Digital Twin of a Shop Floor;2020;"Noël F.; Alpan G.; Mangione F.";Noël F.;IFIP Advances in Information and Communication Technology;Conference paper;English;10.1007/978-3-030-62807-9_11;https://www.scopus.com/pages/publications/85097094767?origin=resultslist;"Digital twins is a recent paradigm. It creates an entangled link between the physical system and its digital twin. The digital twin has obviously no sense without the existence of the physical system, but the physical system highly depends on the digital twin. This concept opens many new challenges and opportunities. Authors contributed to the construction of a digital twin architecture to manage a shop floor. The experience concerns a complete shop floor. To reach the status of digital twin, it was expected to reach simulation capacities and a complete digital chain to ensure the real time synchronisation of the real world with the underlying model which is the core component of the digital twin. A bottleneck was to create a coherent information system connecting information coming from various sources (MES, Machine Design, ERP, etc.), then to propose first functions to demonstrate the added value of this digital twin; here a production simulation was expected within a visual 3D realistic representation of the shop floor. The simulation uses data directly captured from the shop floor to support better decision making. This paper presents the developed digital twin and its added value respect to production needs. It focuses on key performance indicators synchronisation as observed in the physical world and the impact on anticipation of the various futures depending on production decisions. It reports a first step of a digital twin deployment. © 2020, IFIP International Federation for Information Processing.";;;IN;Yes
other or general;Digital twin based computerized numerical control machine tool virtual prototype design;2020;"Hu T.; Kong T.; Ye Y.; Tao F.; Nee A.Y.C.";Hu T.;Digital Twin Driven Smart Design;Book chapter;English;10.1016/B978-0-12-818918-4.00009-9;https://www.scopus.com/pages/publications/85122152427?origin=resultslist;Computerized numerical control machine tools (CNCMTs) are fundamental facilities in the manufacturing field. It is essential to establish a precise virtual prototype of CNCMTs for simulation in order to save time and ensure safety. Considering the design, operation, and maintenance processes of CNCMTs, there are two requirements for establishing the virtual prototype: (1) the virtual prototype should reflect the comprehensive performance of multidomain systems of CNCMTs. (2) The virtual prototype should be aware of performance changes of CNCMTs and update itself autonomously. Therefore this chapter establishes a multidomain virtual prototype of CNCMTs on a unified platform and introduces the concept of digital twin (DT) into prototype to achieve real-time and accurate mapping between the virtual and real worlds. First, a basic virtual prototype of CNCMTs is built by establishing its mechanical, electrical, and control subsystems. Then, an updating strategy that contains mapping and consistency maintenance is designed for dynamic and accurate model update. Taking advantage of the cyber-physical mapping characteristics of DT, the designed virtual prototype can truly reflect the actual processing state. On this basis, the accuracy of simulation using the DT-based CNCMTs virtual prototype can be improved, which will benefit the various stages of CNCMTs such as design and commissioning. © 2020 Elsevier Inc. All rights reserved.;;;IN;Yes
production system object;Change-point visualization and variation analysis in a simple production line: A process mining application in manufacturing;2021;"Chiò E.; Alfieri A.; Pastore E.";Chiò E.;Procedia CIRP;Conference paper;English;10.1016/j.procir.2021.03.122;https://www.scopus.com/pages/publications/85106403720?origin=resultslist;In production systems, digital twins must be always aligned with the real system to guarantee an effective decision making process in a continuously changing environment. To allow the alignment, digital models can be updated with process mining techniques through data collected by sensors. This paper addresses the issue of detecting changes in the production system by analyzing data collected from sensors. Using raw collected data, a procedure is proposed to compute and plot relevant system measures that could help change identification. Simulation is used to test the effectiveness of the procedure in a realistic medium size production line. © 2021 The Authors. Published by Elsevier B.V.;;;IN;Yes
